Time (ms),ADC1,ADC2
5,2.066,2.078
8,2.494,2.484
10,2.500,2.500
13,2.500,2.500
16,2.500,2.500
18,2.500,2.500
21,2.406,2.395
24,1.989,1.972
86,0.093,0.092
89,0.000,0.000
91,0.055,0.065
94,0.306,0.322
97,0.664,0.679
100,1.114,1.129
102,1.598,1.613
105,2.068,2.072
108,2.500,2.500
111,2.500,2.500
114,2.500,2.500
116,2.500,2.500
119,2.500,2.500
122,2.303,2.283
124,1.884,1.846
127,1.376,1.354
130,0.806,0.786
133,0.409,0.385
136,0.122,0.120
138,0.000,0.001
141,0.034,0.042
144,0.262,0.271
147,0.622,0.634
149,1.069,1.084
153,1.666,1.678
155,2.140,2.137
158,2.500,2.500
161,2.500,2.500
163,2.500,2.500
166,2.500,2.500
169,2.500,2.500
171,2.347,2.326
175,1.804,1.780
177,1.309,1.294
180,0.844,0.827
183,0.438,0.420
185,0.150,0.143
188,0.007,0.005
191,0.038,0.042
194,0.270,0.275
197,0.716,0.729
200,1.179,1.187
203,1.668,1.674
205,2.136,2.139
208,2.500,2.500
211,2.500,2.500
213,2.500,2.500
216,2.500,2.500
219,2.500,2.500
222,2.257,2.233
225,1.802,1.778
227,1.316,1.287
230,0.846,0.828
233,0.442,0.428
235,0.149,0.137
238,0.005,0.006
242,0.066,0.074
245,0.341,0.348
247,0.712,0.725
250,1.174,1.187
253,1.662,1.674
255,2.123,2.131
258,2.500,2.500
261,2.500,2.500
264,2.500,2.500
267,2.500,2.500
269,2.500,2.500
272,2.261,2.239
275,1.813,1.793
277,1.328,1.310
280,0.852,0.834
283,0.448,0.438
286,0.105,0.098
289,0.000,0.000
291,0.050,0.050
294,0.285,0.283
297,0.647,0.656
300,1.084,1.100
302,1.579,1.590
305,2.045,2.056
308,2.500,2.500
311,2.500,2.500
313,2.500,2.500
316,2.500,2.500
319,2.500,2.500
321,2.328,2.310
324,1.884,1.855
327,1.405,1.386
330,0.819,0.803
333,0.420,0.407
335,0.136,0.129
338,0.000,0.002
341,0.031,0.032
344,0.255,0.268
347,0.603,0.613
349,1.046,1.058
353,1.641,1.656
355,2.108,2.118
358,2.500,2.500
361,2.500,2.500
363,2.500,2.500
366,2.500,2.500
369,2.500,2.500
371,2.371,2.349
374,1.830,1.811
377,1.347,1.323
380,0.870,0.841
382,0.459,0.438
385,0.161,0.156
388,0.009,0.005
391,0.022,0.039
394,0.252,0.261
397,0.686,0.693
400,1.145,1.153
403,1.625,1.639
405,2.097,2.098
408,2.498,2.500
411,2.500,2.500
413,2.500,2.500
416,2.500,2.500
419,2.500,2.500
422,2.278,2.258
424,1.835,1.814
427,1.353,1.332
430,0.872,0.858
432,0.465,0.444
435,0.166,0.156
438,0.009,0.005
441,0.059,0.066
444,0.308,0.322
447,0.679,0.693
450,1.141,1.152
452,1.619,1.632
455,2.089,2.099
458,2.500,2.500
460,2.500,2.500
464,2.500,2.500
466,2.500,2.500
469,2.500,2.500
472,2.283,2.267
474,1.843,1.822
477,1.362,1.337
480,0.884,0.865
482,0.472,0.455
486,0.121,0.111
488,0.001,0.001
491,0.057,0.064
494,0.303,0.312
497,0.673,0.684
500,1.128,1.143
502,1.613,1.621
505,2.082,2.089
508,2.500,2.500
511,2.500,2.500
514,2.500,2.500
516,2.500,2.500
519,2.500,2.500
522,2.298,2.274
524,1.848,1.829
527,1.370,1.348
530,0.790,0.768
533,0.398,0.386
536,0.119,0.107
538,0.001,0.001
541,0.056,0.059
544,0.304,0.322
547,0.674,0.677
550,1.131,1.133
553,1.721,1.736
556,2.186,2.193
558,2.500,2.500
561,2.500,2.500
564,2.500,2.500
566,2.500,2.500
569,2.500,2.500
572,2.304,2.272
575,1.743,1.728
578,1.259,1.238
580,0.791,0.775
583,0.402,0.388
586,0.125,0.121
588,0.005,0.000
591,0.046,0.049
594,0.277,0.286
597,0.738,0.741
600,1.201,1.211
603,1.690,1.700
605,2.150,2.150
608,2.500,2.500
611,2.500,2.500
613,2.500,2.500
616,2.500,2.500
619,2.500,2.500
622,2.236,2.220
625,1.778,1.760
627,1.289,1.271
630,0.830,0.812
633,0.429,0.416
635,0.138,0.130
638,0.000,0.000
641,0.039,0.052
644,0.275,0.286
647,0.641,0.651
650,1.094,1.110
652,1.577,1.596
655,2.051,2.057
658,2.468,2.469
660,2.500,2.500
664,2.500,2.500
666,2.500,2.500
669,2.500,2.500
671,2.326,2.304
674,1.884,1.862
677,1.403,1.380
679,0.921,0.899
682,0.502,0.490
685,0.136,0.124
688,0.000,0.000
691,0.025,0.029
694,0.217,0.229
696,0.556,0.567
699,0.995,1.008
702,1.485,1.489
704,1.964,1.972
708,2.480,2.480
710,2.500,2.500
713,2.500,2.500
716,2.500,2.500
718,2.500,2.500
721,2.401,2.377
724,1.974,1.956
726,1.492,1.475
730,0.894,0.885
732,0.487,0.469
735,0.178,0.170
738,0.014,0.009
741,0.024,0.022
744,0.216,0.235
746,0.556,0.571
749,0.995,1.007
752,1.581,1.603
755,2.058,2.068
758,2.481,2.481
760,2.500,2.500
763,2.500,2.500
766,2.500,2.500
768,2.500,2.500
771,2.408,2.385
809,2.500,2.500
812,2.500,2.500
815,2.500,2.500
817,2.500,2.500
820,2.500,2.500
823,2.133,2.110
825,1.679,1.651
828,1.180,1.166
831,0.631,0.618
834,0.277,0.269
837,0.063,0.050
840,0.000,0.001
842,0.120,0.130
845,0.401,0.407
848,0.797,0.801
851,1.266,1.277
854,1.859,1.865
856,2.306,2.311
859,2.500,2.500
862,2.500,2.500
864,2.500,2.500
867,2.500,2.500
870,2.500,2.500
872,2.176,2.156
876,1.615,1.592
878,1.123,1.093
881,0.675,0.659
884,0.308,0.284
886,0.072,0.067
889,0.000,0.000
892,0.083,0.089
895,0.363,0.367
898,0.835,0.846
901,1.314,1.327
903,1.807,1.817
906,2.260,2.249
909,2.500,2.500
911,2.500,2.500
914,2.500,2.500
917,2.500,2.500
920,2.500,2.500
923,2.128,2.097
925,1.663,1.641
928,1.170,1.160
931,0.727,0.705
933,0.341,0.325
936,0.082,0.077
939,0.000,0.000
942,0.107,0.111
945,0.358,0.375
948,0.746,0.761
950,1.211,1.223
953,1.701,1.704
956,2.158,2.157
958,2.500,2.500
961,2.500,2.500
964,2.500,2.500
967,2.500,2.500
969,2.500,2.500
972,2.232,2.208
975,1.779,1.752
977,1.288,1.259
980,0.814,0.800
983,0.412,0.404
986,0.091,0.087
989,0.000,0.000
992,0.070,0.071
995,0.312,0.331
997,0.695,0.707
1000,1.160,1.176
1003,1.653,1.655
1005,2.111,2.111
1009,2.500,2.500
1011,2.500,2.500
1014,2.500,2.500
1017,2.500,2.500
1019,2.500,2.500
1022,2.267,2.250
1024,1.817,1.795
1028,1.224,1.204
1030,0.763,0.749
1033,0.369,0.360
1036,0.112,0.098
1039,0.000,0.000
1041,0.048,0.041
1044,0.277,0.290
1047,0.646,0.651
1050,1.200,1.212
1053,1.690,1.704
1056,2.149,2.156
1058,2.500,2.500
1061,2.500,2.500
1063,2.500,2.500
1066,2.500,2.500
1069,2.500,2.500
1072,2.233,2.207
1075,1.784,1.763
1077,1.299,1.271
1080,0.820,0.805
1083,0.421,0.410
1085,0.138,0.122
1088,0.001,0.000
1092,0.076,0.078
1095,0.356,0.360
1097,0.730,0.746
1100,1.185,1.200
1103,1.684,1.692
1105,2.145,2.151
1108,2.500,2.500
1111,2.500,2.500
1114,2.500,2.500
1117,2.500,2.500
1119,2.500,2.500
1122,2.244,2.224
1125,1.796,1.770
1127,1.312,1.290
1130,0.829,0.819
1133,0.360,0.339
1136,0.101,0.088
1139,0.000,0.000
1141,0.053,0.056
1146,0.298,0.309
1149,0.926,0.937
1151,1.414,1.424
1155,2.002,2.007
1157,2.422,2.427
1160,2.500,2.500
1163,2.500,2.500
1165,2.500,2.500
1168,2.500,2.500
1171,2.461,2.435
1173,2.048,2.007
1176,1.462,1.441
1179,0.979,0.963
1182,0.547,0.534
1185,0.222,0.212
1187,0.033,0.031
1190,0.010,0.010
1193,0.177,0.189
1196,0.496,0.503
1199,1.021,1.033
1202,1.503,1.516
1204,1.979,1.992
1207,2.408,2.412
1210,2.500,2.500
1212,2.500,2.500
1215,2.500,2.500
1218,2.500,2.500
1221,2.391,2.368
1224,1.962,1.937
1226,1.479,1.457
1229,0.993,0.977
1232,0.554,0.541
1234,0.223,0.215
1237,0.037,0.033
1241,0.019,0.031
1244,0.239,0.244
1246,0.577,0.586
1249,1.017,1.026
1252,1.496,1.510
1254,1.978,1.984
1257,2.405,2.401
1260,2.500,2.500
1263,2.500,2.500
1266,2.500,2.500
1268,2.500,2.500
1271,2.383,2.368
1274,1.959,1.940
1276,1.483,1.465
1279,1.000,0.979
1282,0.472,0.463
1285,0.175,0.164
1288,0.013,0.010
1291,0.023,0.029
1294,0.232,0.232
1296,0.564,0.570
1299,0.995,1.005
1302,1.596,1.601
1305,2.071,2.074
1308,2.484,2.476
1310,2.500,2.500
1313,2.500,2.500
1316,2.500,2.500
1318,2.500,2.500
1321,2.407,2.381
1324,1.866,1.844
1327,1.384,1.353
1330,0.903,0.885
1332,0.480,0.474
1335,0.182,0.171
1338,0.014,0.012
1341,0.023,0.024
1344,0.286,0.297
1347,0.647,0.657
1350,1.095,1.111
1352,1.581,1.600
1355,2.054,2.065
1358,2.464,2.466
1360,2.500,2.500
1363,2.500,2.500
1366,2.500,2.500
1369,2.500,2.500
1371,2.317,2.300
1374,1.884,1.847
1377,1.397,1.377
1380,0.919,0.890
1382,0.497,0.482
1386,0.136,0.128
1388,0.000,0.000
1391,0.024,0.026
1394,0.230,0.237
1396,0.559,0.579
1399,1.007,1.020
1402,1.489,1.502
1404,1.968,1.975
1408,2.482,2.482
1410,2.500,2.500
1413,2.500,2.500
1416,2.500,2.500
1418,2.500,2.500
1421,2.399,2.375
1424,1.970,1.948
1427,1.377,1.359
1430,0.896,0.877
1432,0.476,0.469
1435,0.172,0.164
1438,0.015,0.013
1441,0.022,0.023
1444,0.231,0.238
1446,0.562,0.573
1450,1.088,1.111
1452,1.593,1.605
1455,2.056,2.064
1458,2.470,2.469
1460,2.500,2.500
1463,2.500,2.500
1466,2.500,2.500
1469,2.500,2.500
1472,2.317,2.283
1474,1.868,1.848
1477,1.392,1.362
1480,0.907,0.885
1482,0.493,0.479
1485,0.181,0.172
1488,0.013,0.014
1523,2.089,2.069
1526,1.625,1.605
1528,1.140,1.115
1531,0.688,0.672
1534,0.308,0.304
1536,0.078,0.073
1539,0.000,0.000
1542,0.122,0.122
1545,0.397,0.403
1548,0.780,0.796
1550,1.256,1.269
1553,1.740,1.748
1556,2.187,2.206
1558,2.500,2.500
1561,2.500,2.500
1564,2.500,2.500
1567,2.500,2.500
1570,2.500,2.500
1572,2.184,2.155
1575,1.734,1.715
1578,1.244,1.223
1580,0.779,0.762
1584,0.322,0.302
1586,0.077,0.074
1589,0.000,0.000
1592,0.081,0.084
1595,0.354,0.361
1597,0.737,0.747
1600,1.199,1.206
1603,1.690,1.695
1606,2.250,2.250
1609,2.500,2.500
1611,2.500,2.500
1614,2.500,2.500
1617,2.500,2.500
1619,2.500,2.500
1622,2.236,2.213
1625,1.677,1.649
1628,1.182,1.164
1631,0.727,0.705
1633,0.347,0.330
1636,0.086,0.081
1639,0.000,0.000
1642,0.066,0.074
1645,0.322,0.333
1648,0.787,0.800
1651,1.272,1.279
1653,1.757,1.768
1656,2.208,2.213
1659,2.500,2.500
1661,2.500,2.500
1664,2.500,2.500
1667,2.500,2.500
1670,2.500,2.500
1672,2.167,2.145
1675,1.720,1.697
1678,1.226,1.208
1680,0.763,0.739
1683,0.378,0.368
1686,0.111,0.104
1689,0.000,0.000
1692,0.060,0.069
1695,0.333,0.344
1697,0.706,0.715
1700,1.160,1.178
1703,1.648,1.658
1705,2.119,2.126
1709,2.500,2.500
1711,2.500,2.500
1714,2.500,2.500
1717,2.500,2.500
1719,2.500,2.500
1722,2.262,2.247
1725,1.824,1.793
1727,1.331,1.314
1730,0.761,0.743
1733,0.370,0.359
1736,0.103,0.098
1739,0.000,0.000
1741,0.051,0.056
1744,0.284,0.287
1747,0.649,0.658
1750,1.205,1.217
1753,1.689,1.701
1756,2.156,2.156
1758,2.500,2.500
1761,2.500,2.500
1764,2.500,2.500
1766,2.500,2.500
1769,2.500,2.500
1772,2.232,2.215
1775,1.771,1.757
1777,1.295,1.276
1780,0.819,0.802
1783,0.420,0.409
1785,0.137,0.131
1788,0.003,0.004
1792,0.078,0.078
1795,0.356,0.364
1797,0.728,0.742
1800,1.194,1.209
1803,1.688,1.690
1805,2.149,2.149
1808,2.500,2.500
1811,2.500,2.500
1814,2.500,2.500
1817,2.500,2.500
1819,2.500,2.500
1822,2.233,2.216
1825,1.789,1.767
1827,1.298,1.281
1830,0.830,0.801
1833,0.349,0.338
1836,0.097,0.090
1839,0.000,0.000
1842,0.055,0.062
1845,0.325,0.343
1847,0.690,0.701
1850,1.152,1.154
1853,1.630,1.644
1856,2.199,2.187
1859,2.500,2.500
1861,2.500,2.500
1864,2.500,2.500
1866,2.500,2.500
1869,2.500,2.500
1872,2.277,2.254
1875,1.725,1.702
1878,1.226,1.214
1880,0.773,0.750
1883,0.385,0.374
1886,0.110,0.105
1888,0.003,0.000
1891,0.041,0.048
1894,0.299,0.300
1898,0.754,0.763
1900,1.211,1.225
1903,1.712,1.720
1906,2.172,2.172
1908,2.500,2.500
1911,2.500,2.500
1914,2.500,2.500
1916,2.500,2.500
1919,2.500,2.500
1922,2.221,2.198
1925,1.758,1.744
1927,1.277,1.249
1930,0.802,0.789
1933,0.411,0.391
1936,0.135,0.124
1939,0.000,0.000
1941,0.049,0.054
1944,0.294,0.309
1947,0.663,0.666
1950,1.105,1.122
1952,1.602,1.613
1955,2.071,2.078
1958,2.475,2.476
1961,2.500,2.500
1964,2.500,2.500
1966,2.500,2.500
1969,2.500,2.500
1972,2.306,2.283
1974,1.862,1.846
1977,1.382,1.362
1980,0.801,0.784
1983,0.399,0.385
1986,0.112,0.118
1988,0.001,0.001
1991,0.049,0.060
1994,0.296,0.305
1997,0.658,0.673
2000,1.116,1.133
2003,1.708,1.726
2006,2.177,2.180
2008,2.500,2.500
2011,2.500,2.500
2014,2.500,2.500
2016,2.500,2.500
2019,2.500,2.500
2022,2.215,2.186
2025,1.757,1.735
2028,1.271,1.247
2030,0.795,0.784
2033,0.418,0.389
2036,0.131,0.120
2038,0.000,0.000
2041,0.028,0.031
2044,0.302,0.325
2047,0.664,0.679
2050,1.126,1.139
2052,1.613,1.627
2055,2.084,2.083
2058,2.491,2.492
2060,2.500,2.500
2064,2.500,2.500
2066,2.500,2.500
2069,2.500,2.500
2072,2.303,2.273
2074,1.845,1.834
2077,1.373,1.354
2080,0.894,0.874
2082,0.480,0.461
2086,0.128,0.116
2088,0.001,0.000
2091,0.050,0.052
2094,0.289,0.298
2097,0.652,0.659
2100,1.102,1.113
2102,1.581,1.601
2106,2.156,2.159
2108,2.500,2.500
2111,2.500,2.500
2114,2.500,2.500
2116,2.500,2.500
2119,2.500,2.500
2121,2.323,2.301
2124,1.884,1.862
2127,1.287,1.266
2130,0.814,0.800
2133,0.417,0.403
2135,0.125,0.123
2138,0.004,0.003
2141,0.039,0.042
2144,0.286,0.295
2147,0.739,0.751
2150,1.206,1.217
2153,1.693,1.707
2156,2.157,2.154
2158,2.500,2.500
2161,2.500,2.500
2163,2.500,2.500
2166,2.500,2.500
2169,2.500,2.500
2172,2.230,2.211
2175,1.780,1.757
2177,1.294,1.270
2180,0.822,0.803
2183,0.419,0.412
2185,0.132,0.128
2222,2.254,2.230
2225,1.801,1.782
2227,1.318,1.299
2230,0.841,0.823
2233,0.441,0.427
2235,0.147,0.139
2238,0.007,0.004
2241,0.035,0.039
2245,0.336,0.341
2247,0.714,0.725
2250,1.171,1.185
2253,1.656,1.663
2255,2.117,2.126
2258,2.500,2.500
2261,2.500,2.500
2264,2.500,2.500
2267,2.500,2.500
2269,2.500,2.500
2272,2.250,2.230
2275,1.815,1.792
2279,1.330,1.310
2281,0.602,0.597
2284,0.266,0.255
2287,0.024,0.022
2290,0.007,0.009
2293,0.209,0.216
2296,0.529,0.540
2299,0.961,0.967
2301,1.434,1.451
2304,1.946,1.936
2307,2.449,2.447
2310,2.500,2.500
2313,2.500,2.500
2315,2.500,2.500
2318,2.500,2.500
2321,2.430,2.407
2323,2.011,1.992
2326,1.533,1.512
2329,0.948,0.923
2332,0.518,0.496
2335,0.190,0.191
2337,0.013,0.012
2340,0.019,0.018
2343,0.203,0.216
2346,0.526,0.537
2349,1.062,1.075
2352,1.542,1.554
2355,2.022,2.027
2357,2.434,2.443
2360,2.500,2.500
2363,2.500,2.500
2365,2.500,2.500
2368,2.500,2.500
2371,2.358,2.331
2374,1.926,1.900
2377,1.431,1.409
2379,0.958,0.935
2382,0.523,0.519
2385,0.205,0.194
2387,0.026,0.021
2391,0.039,0.039
2394,0.254,0.265
2397,0.606,0.610
2399,1.045,1.060
2402,1.525,1.549
2405,2.002,2.012
2407,2.435,2.428
2410,2.500,2.500
2413,2.500,2.500
2416,2.500,2.500
2419,2.500,2.500
2421,2.370,2.343
2424,1.935,1.913
2427,1.451,1.431
2429,0.973,0.955
2432,0.457,0.446
2435,0.152,0.151
2438,0.009,0.003
2441,0.036,0.037
2444,0.258,0.262
2447,0.606,0.613
2449,1.049,1.061
2452,1.531,1.542
2455,2.106,2.111
2458,2.500,2.500
2461,2.500,2.500
2463,2.500,2.500
2466,2.500,2.500
2469,2.500,2.500
2471,2.368,2.343
2474,1.930,1.916
2477,1.347,1.326
2480,0.867,0.850
2482,0.448,0.437
2485,0.160,0.151
2488,0.009,0.001
2491,0.036,0.031
2494,0.257,0.266
2497,0.690,0.709
2500,1.158,1.172
2503,1.646,1.658
2505,2.115,2.122
2508,2.500,2.500
2511,2.500,2.500
2513,2.500,2.500
2516,2.500,2.500
2519,2.500,2.500
2522,2.272,2.246
2524,1.825,1.804
2527,1.332,1.316
2530,0.865,0.848
2532,0.457,0.443
2535,0.160,0.145
2538,0.000,0.000
2541,0.038,0.042
2544,0.265,0.264
2547,0.615,0.621
2549,1.061,1.072
2552,1.543,1.549
2555,2.012,2.021
2557,2.433,2.436
2561,2.500,2.500
2563,2.500,2.500
2566,2.500,2.500
2569,2.500,2.500
2571,2.351,2.331
2574,1.924,1.902
2577,1.435,1.418
2580,0.857,0.839
2583,0.440,0.425
2585,0.155,0.146
2588,0.010,0.009
2591,0.029,0.029
2594,0.258,0.261
2597,0.600,0.609
2599,1.048,1.052
2603,1.638,1.653
2605,2.106,2.107
2608,2.500,2.500
2611,2.500,2.500
2613,2.500,2.500
2616,2.500,2.500
2618,2.500,2.500
2622,2.280,2.258
2624,1.832,1.807
2627,1.343,1.322
2630,0.863,0.848
2632,0.461,0.447
2635,0.161,0.155
2638,0.004,0.002
2641,0.032,0.027
2644,0.322,0.331
2647,0.687,0.699
2650,1.144,1.160
2653,1.630,1.642
2655,2.097,2.099
2658,2.495,2.495
2661,2.500,2.500
2664,2.500,2.500
2666,2.500,2.500
2669,2.500,2.500
2672,2.282,2.261
2674,1.832,1.815
2677,1.355,1.330
2680,0.877,0.859
2682,0.465,0.453
2686,0.115,0.109
2688,0.000,0.000
2691,0.035,0.039
2694,0.255,0.264
2697,0.593,0.607
2699,1.034,1.050
2702,1.519,1.533
2705,2.099,2.110
2708,2.500,2.500
2711,2.500,2.500
2713,2.500,2.500
2716,2.500,2.500
2718,2.500,2.500
2721,2.376,2.350
2724,1.944,1.923
2727,1.348,1.331
2730,0.867,0.852
2732,0.457,0.446
2735,0.163,0.156
2738,0.009,0.009
2741,0.026,0.030
2744,0.246,0.255
2747,0.693,0.703
2750,1.150,1.154
2753,1.637,1.650
2755,2.097,2.110
2758,2.500,2.500
2761,2.500,2.500
2763,2.500,2.500
2766,2.500,2.500
2769,2.500,2.500
2772,2.276,2.257
2774,1.823,1.808
2777,1.349,1.329
2780,0.870,0.855
2782,0.460,0.447
2785,0.156,0.151
2788,0.000,0.000
2791,0.038,0.041
2794,0.260,0.264
2797,0.597,0.608
2799,1.047,1.065
2802,1.534,1.545
2805,2.012,2.019
2807,2.429,2.431
2811,2.500,2.500
2813,2.500,2.500
2816,2.500,2.500
2819,2.500,2.500
2821,2.361,2.339
2824,1.934,1.913
2827,1.452,1.431
2829,0.972,0.948
2833,0.451,0.437
2835,0.157,0.151
2838,0.009,0.008
2841,0.035,0.034
2844,0.248,0.260
2847,0.602,0.611
2849,1.047,1.061
2853,1.652,1.655
2855,2.111,2.115
2858,2.500,2.500
2861,2.500,2.500
2863,2.500,2.500
2866,2.500,2.500
2869,2.500,2.500
2871,2.372,2.351
2874,1.833,1.813
2877,1.338,1.326
2880,0.873,0.843
2882,0.464,0.448
2885,0.164,0.155
2888,0.012,0.002
2891,0.033,0.034
2931,0.684,0.658
2934,0.306,0.299
2936,0.077,0.071
2939,0.000,0.000
2942,0.077,0.088
2945,0.353,0.363
2948,0.743,0.753
2951,1.313,1.332
2953,1.795,1.810
2956,2.244,2.263
2959,2.500,2.500
2961,2.500,2.500
2964,2.500,2.500
2967,2.500,2.500
2970,2.500,2.500
2973,2.127,2.097
2975,1.668,1.643
2978,1.174,1.155
2981,0.716,0.692
2983,0.347,0.333
2986,0.095,0.087
2989,0.000,0.000
2992,0.105,0.115
2995,0.368,0.380
2998,0.746,0.758
3000,1.214,1.229
3003,1.710,1.720
3006,2.155,2.158
3008,2.500,2.500
3011,2.500,2.500
3014,2.500,2.500
3017,2.500,2.500
3019,2.500,2.500
3022,2.221,2.194
3025,1.764,1.745
3027,1.283,1.259
3030,0.816,0.796
3033,0.342,0.332
3036,0.088,0.082
3039,0.000,0.000
3042,0.071,0.075
3045,0.339,0.342
3047,0.710,0.713
3050,1.167,1.182
3053,1.659,1.669
3056,2.215,2.223
3059,2.500,2.500
3061,2.500,2.500
3064,2.500,2.500
3067,2.500,2.500
3069,2.500,2.500
3072,2.263,2.239
3075,1.714,1.688
3078,1.217,1.205
3080,0.759,0.740
3083,0.371,0.359
3086,0.107,0.100
3089,0.001,0.000
3091,0.059,0.054
3094,0.312,0.324
3098,0.773,0.776
3100,1.246,1.259
3103,1.735,1.746
3106,2.198,2.187
3108,2.500,2.500
3111,2.500,2.500
3114,2.500,2.500
3117,2.500,2.500
3120,2.500,2.500
3122,2.195,2.160
3125,1.732,1.712
3128,1.246,1.226
3130,0.777,0.764
3133,0.385,0.374
3136,0.115,0.108
3139,0.000,0.000
3141,0.054,0.055
3144,0.324,0.331
3147,0.691,0.693
3150,1.133,1.156
3153,1.635,1.642
3155,2.098,2.101
3158,2.500,2.500
3161,2.500,2.500
3164,2.500,2.500
3166,2.500,2.500
3169,2.500,2.500
3172,2.282,2.259
3174,1.835,1.817
3177,1.352,1.334
3180,0.778,0.756
3183,0.384,0.372
3186,0.111,0.105
3188,0.001,0.000
3191,0.053,0.055
3194,0.294,0.311
3197,0.660,0.663
3200,1.211,1.224
3203,1.706,1.713
3206,2.167,2.173
3208,2.500,2.500
3211,2.500,2.500
3214,2.500,2.500
3216,2.500,2.500
3219,2.500,2.500
3222,2.211,2.198
3225,1.761,1.740
3227,1.270,1.254
3230,0.805,0.778
3233,0.408,0.396
3236,0.127,0.126
3238,0.000,0.001
3242,0.072,0.077
3245,0.347,0.355
3247,0.713,0.733
3250,1.174,1.194
3253,1.656,1.677
3255,2.136,2.140
3258,2.500,2.500
3261,2.500,2.500
3264,2.500,2.500
3267,2.500,2.500
3269,2.500,2.500
3272,2.252,2.228
3275,1.804,1.783
3277,1.316,1.297
3280,0.845,0.828
3283,0.356,0.348
3286,0.100,0.094
3289,0.000,0.000
3291,0.052,0.059
3294,0.297,0.300
3297,0.652,0.662
3300,1.109,1.113
3302,1.595,1.601
3306,2.154,2.165
3308,2.500,2.500
3311,2.500,2.500
3314,2.500,2.500
3316,2.500,2.500
3319,2.500,2.500
3322,2.314,2.288
3325,1.764,1.741
3327,1.270,1.257
3330,0.804,0.785
3333,0.407,0.393
3336,0.127,0.120
3338,0.001,0.000
3341,0.046,0.042
3344,0.276,0.286
3347,0.728,0.736
3350,1.189,1.201
3353,1.683,1.696
3355,2.144,2.150
3358,2.500,2.500
3361,2.500,2.500
3363,2.500,2.500
3366,2.500,2.500
3369,2.500,2.500
3372,2.239,2.220
3375,1.793,1.769
3377,1.294,1.289
3380,0.830,0.814
3383,0.426,0.418
3387,0.043,0.039
3390,0.014,0.019
3393,0.208,0.220
3396,0.540,0.552
3399,0.964,0.976
3402,1.458,1.474
3404,1.941,1.946
3407,2.371,2.368
3410,2.500,2.500
3413,2.500,2.500
3416,2.500,2.500
3418,2.500,2.500
3421,2.421,2.389
3423,1.991,1.975
3426,1.525,1.500
3429,1.040,1.018
3432,0.509,0.501
3435,0.194,0.188
3437,0.020,0.020
3440,0.020,0.009
3443,0.210,0.221
3446,0.529,0.545
3449,0.973,0.988
3452,1.453,1.468
3455,2.039,2.048
3458,2.453,2.460
3460,2.500,2.500
3463,2.500,2.500
3465,2.500,2.500
3468,2.500,2.500
3471,2.423,2.401
3474,1.898,1.869
3477,1.409,1.381
3479,0.927,0.906
3482,0.505,0.493
3485,0.193,0.187
3487,0.021,0.009
3491,0.013,0.022
3493,0.213,0.219
3497,0.630,0.641
3499,1.075,1.084
3502,1.559,1.581
3505,2.031,2.038
3507,2.453,2.458
3510,2.500,2.500
3513,2.500,2.500
3516,2.500,2.500
3519,2.500,2.500
3521,2.338,2.306
3524,1.898,1.873
3527,1.417,1.391
3529,0.928,0.906
3532,0.503,0.497
3535,0.197,0.187
3538,0.007,0.001
3541,0.037,0.044
3544,0.280,0.292
3547,0.640,0.652
3550,1.088,1.094
3552,1.577,1.592
3555,2.042,2.051
3558,2.500,2.500
3561,2.500,2.500
3563,2.500,2.500
3566,2.500,2.500
3569,2.500,2.500
3571,2.328,2.309
3574,1.894,1.873
3577,1.408,1.391
3580,0.827,0.807
3583,0.407,0.407
3585,0.133,0.131
3588,0.000,0.000
3591,0.016,0.026
3594,0.223,0.231
3596,0.551,0.560
3631,0.726,0.708
3633,0.343,0.336
3636,0.094,0.081
3639,0.000,0.000
3642,0.067,0.063
3645,0.323,0.336
3647,0.696,0.702
3650,1.144,1.162
3653,1.749,1.757
3656,2.207,2.212
3659,2.500,2.500
3661,2.500,2.500
3664,2.500,2.500
3666,2.500,2.500
3669,2.500,2.500
3672,2.180,2.154
3675,1.718,1.699
3678,1.229,1.211
3680,0.765,0.754
3683,0.372,0.362
3686,0.110,0.099
3689,0.000,0.000
3691,0.042,0.045
3695,0.343,0.359
3697,0.729,0.742
3700,1.191,1.204
3703,1.680,1.691
3705,2.143,2.144
3708,2.500,2.500
3711,2.500,2.500
3714,2.500,2.500
3717,2.500,2.500
3719,2.500,2.500
3722,2.248,2.220
3725,1.789,1.770
3727,1.305,1.285
3730,0.833,0.808
3733,0.430,0.411
3736,0.088,0.090
3739,0.000,0.000
3741,0.060,0.063
3744,0.312,0.327
3747,0.678,0.693
3750,1.144,1.152
3753,1.626,1.644
3756,2.198,2.210
3758,2.500,2.500
3761,2.500,2.500
3764,2.500,2.500
3766,2.500,2.500
3769,2.500,2.500
3772,2.281,2.260
3774,1.832,1.813
3778,1.227,1.217
3780,0.761,0.750
3783,0.383,0.367
3786,0.109,0.104
3788,0.000,0.000
3791,0.039,0.036
3794,0.258,0.264
3797,0.693,0.708
3800,1.156,1.168
3803,1.647,1.651
3805,2.110,2.118
3808,2.500,2.500
3811,2.500,2.500
3813,2.500,2.500
3816,2.500,2.500
3819,2.500,2.500
3822,2.276,2.240
3824,1.816,1.792
3827,1.340,1.319
3830,0.868,0.849
3833,0.457,0.442
3835,0.160,0.150
3838,0.001,0.000
3841,0.055,0.052
3844,0.300,0.309
3847,0.669,0.682
3850,1.123,1.137
3852,1.615,1.617
3855,2.077,2.086
3858,2.491,2.491
3861,2.500,2.500
3864,2.500,2.500
3866,2.500,2.500
3869,2.500,2.500
3872,2.300,2.274
3874,1.850,1.831
3877,1.362,1.350
3880,0.790,0.773
3883,0.393,0.385
3886,0.116,0.111
3888,0.000,0.000
3891,0.032,0.034
3894,0.245,0.251
3896,0.574,0.591
3899,1.024,1.033
3902,1.619,1.629
3905,2.088,2.096
3908,2.497,2.488
3910,2.500,2.500
3913,2.500,2.500
3916,2.500,2.500
3918,2.500,2.500
3921,2.383,2.364
3924,1.847,1.825
3927,1.365,1.344
3930,0.878,0.865
3932,0.470,0.455
3935,0.172,0.164
3938,0.005,0.009
3941,0.023,0.032
3944,0.306,0.322
3947,0.674,0.688
3950,1.118,1.140
3952,1.622,1.630
3955,2.089,2.090
3958,2.494,2.493
3960,2.500,2.500
3963,2.500,2.500
3966,2.500,2.500
3969,2.500,2.500
3972,2.285,2.264
3974,1.847,1.830
3977,1.360,1.349
3980,0.890,0.870
3982,0.474,0.461
3986,0.118,0.110
3988,0.002,0.001
3991,0.046,0.055
3994,0.304,0.307
3997,0.668,0.677
4000,1.131,1.133
4002,1.607,1.623
4005,2.084,2.087
4008,2.500,2.500
4011,2.500,2.500
4014,2.500,2.500
4016,2.500,2.500
4019,2.500,2.500
4022,2.297,2.282
4024,1.855,1.832
4028,1.259,1.230
4030,0.789,0.773
4033,0.398,0.375
4036,0.121,0.114
4038,0.000,0.001
4041,0.044,0.049
4044,0.281,0.290
4047,0.624,0.649
4050,1.193,1.211
4053,1.692,1.705
4055,2.149,2.156
4058,2.500,2.500
4061,2.500,2.500
4063,2.500,2.500
4066,2.500,2.500
4069,2.500,2.500
4072,2.239,2.217
4075,1.784,1.760
4077,1.290,1.259
4080,0.829,0.812
4083,0.424,0.415
4085,0.142,0.133
4088,0.000,0.000
4091,0.050,0.053
4094,0.276,0.293
4097,0.649,0.659
4100,1.095,1.107
4102,1.581,1.597
4105,2.046,2.057
4108,2.469,2.470
4111,2.500,2.500
4114,2.500,2.500
4116,2.500,2.500
4119,2.500,2.500
4121,2.316,2.299
4124,1.884,1.857
4127,1.393,1.381
4129,0.916,0.899
4133,0.418,0.404
4136,0.130,0.126
4138,0.003,0.007
4141,0.035,0.045
4144,0.298,0.299
4147,0.658,0.664
4150,1.105,1.116
4153,1.702,1.709
4156,2.154,2.161
4158,2.500,2.500
4161,2.500,2.500
4164,2.500,2.500
4166,2.500,2.500
4169,2.500,2.500
4171,2.319,2.296
4175,1.770,1.750
4177,1.284,1.259
4180,0.812,0.797
4183,0.420,0.399
4185,0.136,0.125
4188,0.004,0.002
4191,0.047,0.049
4195,0.355,0.367
4197,0.740,0.750
4200,1.211,1.211
4203,1.682,1.702
4205,2.150,2.156
4208,2.500,2.500
4211,2.500,2.500
4213,2.500,2.500
4217,2.500,2.500
4219,2.500,2.500
4222,2.237,2.211
4225,1.781,1.767
4227,1.293,1.275
4230,0.824,0.807
4233,0.420,0.408
4236,0.096,0.090
4239,0.000,0.000
4242,0.066,0.060
4245,0.312,0.338
4247,0.696,0.708
4250,1.149,1.168
4253,1.647,1.659
4255,2.105,2.119
4259,2.500,2.500
4261,2.500,2.500
4264,2.500,2.500
4266,2.500,2.500
4269,2.500,2.500
4272,2.275,2.254
4274,1.826,1.807
4277,1.346,1.326
4280,0.769,0.751
4283,0.380,0.367
4286,0.116,0.107
4288,0.000,0.000
4291,0.039,0.033
4294,0.261,0.264
4297,0.602,0.614
4365,2.500,2.500
4368,2.500,2.500
4370,2.476,2.453
4373,2.060,2.035
4376,1.581,1.572
4378,1.104,1.088
4381,0.653,0.634
4384,0.232,0.221
4387,0.038,0.032
4390,0.007,0.009
4393,0.184,0.193
4396,0.488,0.496
4399,0.910,0.927
4401,1.403,1.415
4404,1.880,1.884
4407,2.408,2.411
4410,2.500,2.500
4413,2.500,2.500
4415,2.500,2.500
4418,2.500,2.500
4420,2.461,2.441
4423,2.057,2.034
4426,1.469,1.453
4429,1.001,0.964
4432,0.557,0.546
4434,0.227,0.214
4437,0.024,0.029
4440,0.007,0.011
4443,0.182,0.191
4446,0.491,0.501
4449,1.017,1.019
4452,1.500,1.510
4454,1.977,1.972
4457,2.401,2.405
4460,2.500,2.500
4462,2.500,2.500
4465,2.500,2.500
4468,2.500,2.500
4471,2.396,2.372
4474,1.967,1.945
4476,1.485,1.462
4479,1.000,0.974
4482,0.563,0.545
4484,0.233,0.223
4487,0.039,0.035
4491,0.018,0.024
4494,0.229,0.237
4496,0.566,0.580
4499,1.008,1.021
4502,1.480,1.496
4504,1.969,1.971
4507,2.394,2.397
4510,2.500,2.500
4513,2.500,2.500
4516,2.500,2.500
4518,2.500,2.500
4521,2.391,2.368
4524,1.971,1.948
4526,1.486,1.466
4529,1.004,0.986
4532,0.485,0.459
4535,0.175,0.164
4538,0.014,0.012
4541,0.025,0.031
4544,0.230,0.238
4546,0.566,0.577
4549,1.005,1.012
4554,1.865,1.874
4557,2.310,2.309
4559,2.500,2.500
4562,2.500,2.500
4564,2.500,2.500
4567,2.500,2.500
4570,2.500,2.500
4572,2.170,2.147
4576,1.602,1.581
4578,1.105,1.093
4581,0.662,0.645
4584,0.298,0.286
4586,0.071,0.066
4589,0.000,0.000
4592,0.087,0.094
4596,0.442,0.452
4598,0.859,0.872
4601,1.338,1.351
4604,1.828,1.835
4606,2.272,2.271
4609,2.500,2.500
4612,2.500,2.500
4614,2.500,2.500
4617,2.500,2.500
4620,2.500,2.483
4623,2.110,2.086
4625,1.640,1.618
4628,1.152,1.132
4631,0.700,0.684
4634,0.312,0.322
4637,0.041,0.045
4640,0.001,0.000
4643,0.144,0.151
4645,0.430,0.441
4648,0.827,0.840
4651,1.308,1.309
4653,1.797,1.805
4656,2.247,2.245
4659,2.500,2.500
4662,2.500,2.500
4665,2.500,2.500
4667,2.500,2.500
4670,2.500,2.500
4673,2.136,2.115
4675,1.670,1.651
4678,1.186,1.169
4681,0.634,0.614
4684,0.275,0.271
4687,0.058,0.050
4690,0.000,0.000
4692,0.104,0.105
4695,0.358,0.367
4697,0.739,0.752
4701,1.314,1.329
4703,1.798,1.811
4706,2.254,2.260
4709,2.500,2.500
4711,2.500,2.500
4714,2.500,2.500
4717,2.500,2.500
4719,2.500,2.500
4723,2.125,2.105
4725,1.670,1.644
4728,1.183,1.162
4731,0.724,0.706
4733,0.349,0.335
4736,0.098,0.084
4739,0.000,0.000
4742,0.107,0.104
4745,0.366,0.376
4748,0.747,0.757
4750,1.213,1.221
4753,1.702,1.712
4756,2.160,2.158
4758,2.500,2.500
4761,2.500,2.500
4764,2.500,2.500
4767,2.500,2.500
4769,2.500,2.500
4772,2.226,2.187
4775,1.775,1.752
4777,1.281,1.259
4780,0.809,0.794
4783,0.342,0.329
4786,0.089,0.090
4789,0.000,0.000
4792,0.070,0.071
4795,0.312,0.341
4797,0.700,0.715
4800,1.161,1.176
4803,1.657,1.660
4806,2.222,2.227
4809,2.500,2.500
4811,2.500,2.500
4814,2.500,2.500
4817,2.500,2.500
4819,2.500,2.500
4822,2.263,2.241
4825,1.713,1.689
4828,1.214,1.189
4830,0.749,0.734
4833,0.371,0.357
4836,0.108,0.094
4839,0.001,0.000
4842,0.075,0.070
4845,0.338,0.350
4848,0.809,0.820
4851,1.290,1.302
4853,1.764,1.785
4856,2.222,2.229
4859,2.500,2.500
4861,2.500,2.500
4864,2.500,2.500
4867,2.500,2.500
4870,2.500,2.500
4872,2.160,2.138
4875,1.699,1.685
4878,1.211,1.192
4880,0.752,0.732
4883,0.365,0.354
4886,0.107,0.099
4889,0.003,0.000
4892,0.106,0.115
4895,0.368,0.375
4898,0.756,0.763
4900,1.222,1.237
4903,1.701,1.713
4906,2.162,2.172
4909,2.500,2.500
4912,2.500,2.500
4914,2.500,2.500
4917,2.500,2.500
4919,2.500,2.500
4922,2.221,2.198
4925,1.763,1.740
4927,1.277,1.259
4931,0.712,0.694
4933,0.337,0.312
4936,0.078,0.082
4939,0.000,0.000
4942,0.062,0.073
4945,0.337,0.349
4947,0.704,0.717
4951,1.275,1.294
4953,1.763,1.779
4956,2.226,2.232
4959,2.500,2.500
4961,2.500,2.500
4964,2.500,2.500
4967,2.500,2.500
4969,2.500,2.500
4972,2.160,2.141
4975,1.702,1.680
4978,1.207,1.195
4980,0.752,0.736
4983,0.361,0.354
4986,0.107,0.101
4989,0.000,0.000
4992,0.070,0.074
4995,0.343,0.347
4997,0.715,0.722
5000,1.178,1.188
5003,1.666,1.670
5005,2.122,2.133
5008,2.500,2.500
5011,2.500,2.500
5014,2.500,2.500
5017,2.500,2.500
5019,2.500,2.500
5022,2.258,2.233
5025,1.801,1.783
5027,1.325,1.304
5030,0.851,0.834
5033,0.449,0.435
5068,2.500,2.500
5070,2.499,2.478
5073,2.096,2.068
5076,1.628,1.612
5078,1.143,1.116
5081,0.694,0.670
5084,0.322,0.308
5087,0.038,0.043
5090,0.000,0.000
5092,0.118,0.126
5095,0.387,0.391
5098,0.780,0.791
5100,1.249,1.259
5103,1.731,1.745
5106,2.279,2.295
5109,2.500,2.500
5112,2.500,2.500
5114,2.500,2.500
5117,2.500,2.500
5120,2.500,2.500
5122,2.198,2.162
5125,1.730,1.714
5128,1.132,1.111
5131,0.680,0.662
5134,0.310,0.297
5136,0.076,0.071
5139,0.000,0.000
5142,0.079,0.079
5145,0.355,0.367
5148,0.832,0.846
5151,1.314,1.327
5153,1.793,1.807
5156,2.245,2.245
5159,2.500,2.500
5161,2.500,2.500
5164,2.500,2.500
5167,2.500,2.500
5170,2.500,2.500
5173,2.137,2.106
5175,1.674,1.657
5178,1.187,1.169
5181,0.728,0.709
5183,0.349,0.342
5186,0.088,0.087
5190,0.002,0.000
5193,0.132,0.124
5195,0.404,0.407
5198,0.802,0.812
5201,1.271,1.287
5203,1.762,1.772
5206,2.217,2.226
5209,2.500,2.500
5212,2.500,2.500
5214,2.500,2.500
5217,2.500,2.500
5220,2.500,2.500
5222,2.162,2.149
5225,1.712,1.682
5228,1.214,1.203
5230,0.764,0.745
5234,0.301,0.293
5236,0.072,0.064
5239,0.000,0.000
5242,0.076,0.090
5245,0.374,0.381
5248,0.757,0.771
5250,1.226,1.237
5254,1.825,1.825
5256,2.274,2.267
5259,2.500,2.500
5262,2.500,2.500
5264,2.500,2.500
5267,2.500,2.500
5270,2.500,2.500
5272,2.209,2.194
5275,1.642,1.630
5278,1.145,1.138
5281,0.702,0.690
5283,0.333,0.322
5286,0.088,0.068
5289,0.000,0.000
5292,0.073,0.070
5295,0.419,0.428
5298,0.821,0.832
5301,1.297,1.301
5303,1.780,1.792
5306,2.229,2.234
5309,2.500,2.500
5311,2.500,2.500
5314,2.500,2.500
5317,2.500,2.500
5320,2.500,2.500
5323,2.143,2.123
5325,1.695,1.676
5328,1.199,1.184
5331,0.741,0.729
5333,0.363,0.352
5337,0.071,0.065
5340,0.001,0.000
5342,0.114,0.129
5345,0.396,0.407
5348,0.779,0.798
5350,1.256,1.275
5353,1.746,1.751
5356,2.209,2.206
5359,2.500,2.500
5362,2.500,2.500
5364,2.500,2.500
5367,2.500,2.500
5370,2.500,2.500
5372,2.180,2.154
5375,1.728,1.697
5378,1.131,1.109
5381,0.675,0.659
5384,0.305,0.293
5386,0.068,0.068
5389,0.000,0.000
5392,0.074,0.087
5395,0.358,0.371
5398,0.734,0.760
5401,1.330,1.340
5404,1.804,1.823
5406,2.256,2.265
5409,2.500,2.500
5412,2.500,2.500
5414,2.500,2.500
5417,2.500,2.500
5420,2.500,2.497
5423,2.118,2.089
5425,1.658,1.632
5428,1.156,1.143
5431,0.707,0.694
5433,0.312,0.323
5436,0.092,0.085
5439,0.000,0.000
5442,0.110,0.115
5445,0.376,0.381
5448,0.757,0.763
5450,1.228,1.239
5453,1.714,1.723
5456,2.173,2.177
5458,2.500,2.500
5462,2.500,2.500
5464,2.500,2.500
5467,2.500,2.500
5470,2.500,2.500
5472,2.215,2.194
5475,1.760,1.738
5478,1.270,1.246
5480,0.801,0.779
5483,0.312,0.310
5486,0.076,0.076
5489,0.000,0.000
5492,0.072,0.073
5495,0.344,0.349
5497,0.710,0.729
5500,1.180,1.192
5503,1.775,1.792
5506,2.235,2.232
5509,2.500,2.500
5511,2.500,2.500
5514,2.500,2.500
5517,2.500,2.500
5519,2.500,2.500
5522,2.243,2.227
5525,1.696,1.670
5528,1.204,1.185
5531,0.739,0.725
5533,0.354,0.349
5536,0.098,0.094
5539,0.000,0.000
5541,0.062,0.065
5545,0.387,0.396
5548,0.772,0.784
5550,1.246,1.259
5553,1.738,1.747
5556,2.194,2.200
5558,2.500,2.500
5561,2.500,2.500
5564,2.500,2.500
5567,2.500,2.500
5570,2.500,2.500
5572,2.193,2.166
5575,1.736,1.717
5578,1.245,1.217
5580,0.779,0.761
5583,0.394,0.375
5586,0.118,0.110
5589,0.000,0.000
5591,0.061,0.066
5594,0.322,0.328
5597,0.677,0.694
5600,1.142,1.145
5603,1.632,1.642
5605,2.095,2.101
5608,2.500,2.500
5611,2.500,2.500
5614,2.500,2.500
5616,2.500,2.500
5619,2.500,2.500
5622,2.293,2.266
5624,1.844,1.819
5627,1.364,1.332
5630,0.773,0.755
5633,0.391,0.377
5636,0.111,0.107
5638,0.001,0.001
5641,0.055,0.061
5644,0.304,0.324
5649,0.922,0.930
5652,1.518,1.530
5655,1.992,2.004
5657,2.421,2.426
5660,2.500,2.500
5663,2.500,2.500
5665,2.500,2.500
5668,2.500,2.500
5671,2.460,2.433
5674,1.948,1.922
5676,1.459,1.442
5679,0.975,0.956
5682,0.543,0.529
5685,0.216,0.204
5687,0.028,0.026
5690,0.009,0.007
5694,0.255,0.258
5697,0.591,0.607
5699,1.038,1.055
5702,1.524,1.535
5705,1.999,2.000
5707,2.419,2.421
5710,2.500,2.500
5713,2.500,2.500
5716,2.500,2.500
5719,2.500,2.500
5721,2.368,2.344
5724,1.937,1.915
5727,1.454,1.438
5729,0.976,0.947
5732,0.543,0.528
5770,2.500,2.500
5772,2.202,2.177
5775,1.749,1.728
5778,1.259,1.231
5780,0.791,0.775
5783,0.402,0.388
5786,0.125,0.119
5789,0.000,0.000
5791,0.056,0.060
5794,0.309,0.322
5797,0.679,0.686
5800,1.131,1.144
5802,1.612,1.629
5805,2.082,2.085
5808,2.500,2.500
5811,2.500,2.500
5814,2.500,2.500
5816,2.500,2.500
5819,2.500,2.500
5822,2.291,2.270
5824,1.852,1.834
5827,1.370,1.352
5830,0.794,0.777
5833,0.394,0.385
5836,0.124,0.117
5838,0.001,0.000
5841,0.036,0.052
5844,0.285,0.298
5847,0.651,0.653
5850,1.209,1.214
5853,1.701,1.706
5856,2.157,2.165
5858,2.500,2.500
5861,2.500,2.500
5864,2.500,2.500
5866,2.500,2.500
5869,2.500,2.500
5872,2.232,2.187
5875,1.769,1.748
5877,1.282,1.259
5880,0.807,0.798
5883,0.418,0.400
5885,0.132,0.125
5888,0.003,0.002
5892,0.082,0.087
5895,0.354,0.362
5897,0.743,0.753
5900,1.207,1.217
5903,1.694,1.708
5906,2.149,2.155
5908,2.500,2.500
5911,2.500,2.500
5914,2.500,2.500
5917,2.500,2.500
5919,2.500,2.500
5922,2.235,2.212
5925,1.782,1.762
5927,1.297,1.266
5930,0.820,0.806
5933,0.425,0.410
5936,0.088,0.082
5939,0.000,0.000
5942,0.061,0.072
5944,0.322,0.334
5947,0.695,0.697
5950,1.144,1.162
5953,1.636,1.646
5956,2.187,2.187
5959,2.500,2.500
5961,2.500,2.500
5964,2.500,2.500
5966,2.500,2.500
5969,2.500,2.500
5972,2.276,2.259
5974,1.828,1.804
5978,1.231,1.211
5980,0.769,0.750
5983,0.378,0.370
5986,0.102,0.101
5988,0.000,0.000
5991,0.034,0.044
5994,0.256,0.266
5997,0.697,0.708
6000,1.149,1.169
6003,1.651,1.660
6005,2.115,2.117
6008,2.500,2.500
6011,2.500,2.500
6013,2.500,2.500
6016,2.500,2.500
6019,2.500,2.500
6022,2.274,2.249
6024,1.827,1.806
6027,1.338,1.329
6030,0.861,0.847
6032,0.456,0.433
6035,0.160,0.153
6038,0.000,0.000
6041,0.039,0.039
6044,0.262,0.273
6047,0.607,0.618
6049,1.055,1.065
6052,1.537,1.550
6055,2.011,2.024
6057,2.436,2.437
6061,2.500,2.500
6063,2.500,2.500
6066,2.500,2.500
6069,2.500,2.500
6071,2.360,2.335
6074,1.929,1.911
6077,1.441,1.425
6080,0.861,0.842
6083,0.447,0.436
6085,0.157,0.151
6088,0.010,0.005
6091,0.025,0.038
6094,0.252,0.263
6097,0.601,0.612
6099,1.046,1.058
6103,1.647,1.654
6105,2.110,2.116
6108,2.500,2.500
6111,2.500,2.500
6113,2.500,2.500
6116,2.500,2.500
6118,2.500,2.500
6122,2.277,2.256
6124,1.832,1.805
6127,1.345,1.336
6130,0.870,0.855
6132,0.460,0.448
6135,0.164,0.154
6138,0.012,0.007
6141,0.039,0.035
6144,0.317,0.312
6147,0.686,0.696
6150,1.140,1.155
6152,1.631,1.637
6155,2.089,2.101
6158,2.499,2.500
6160,2.500,2.500
6164,2.500,2.500
6166,2.500,2.500
6169,2.500,2.500
6172,2.294,2.267
6174,1.846,1.824
6177,1.362,1.345
6180,0.885,0.867
6182,0.473,0.466
6186,0.117,0.114
6188,0.000,0.001
6191,0.046,0.049
6194,0.285,0.293
6197,0.647,0.660
6200,1.094,1.106
6202,1.579,1.581
6206,2.155,2.158
6208,2.500,2.500
6211,2.500,2.500
6213,2.500,2.500
6216,2.500,2.500
6219,2.500,2.500
6221,2.327,2.303
6224,1.884,1.860
6227,1.292,1.259
6230,0.817,0.800
6233,0.419,0.407
6235,0.136,0.127
6238,0.003,0.000
6241,0.039,0.042
6244,0.273,0.278
6247,0.721,0.729
6250,1.183,1.194
6253,1.662,1.683
6255,2.139,2.141
6258,2.500,2.500
6261,2.500,2.500
6263,2.500,2.500
6266,2.500,2.500
6269,2.500,2.500
6272,2.245,2.231
6275,1.801,1.775
6277,1.314,1.300
6280,0.843,0.824
6283,0.438,0.429
6285,0.144,0.134
6288,0.007,0.004
6292,0.071,0.073
6295,0.340,0.347
6297,0.712,0.724
6300,1.169,1.187
6303,1.664,1.674
6305,2.123,2.129
6308,2.500,2.500
6311,2.500,2.500
6314,2.500,2.500
6317,2.500,2.500
6319,2.500,2.500
6322,2.261,2.234
6325,1.814,1.792
6327,1.321,1.309
6330,0.855,0.838
6333,0.372,0.353
6336,0.099,0.094
6339,0.001,0.000
6342,0.081,0.082
6345,0.352,0.354
6347,0.734,0.743
6350,1.190,1.205
6353,1.789,1.791
6356,2.246,2.251
6359,2.500,2.500
6361,2.500,2.500
6364,2.500,2.500
6367,2.500,2.500
6369,2.500,2.500
6372,2.243,2.221
6375,1.674,1.654
6378,1.189,1.172
6381,0.733,0.713
6383,0.348,0.338
6386,0.092,0.092
6389,0.000,0.000
6391,0.059,0.066
6395,0.387,0.400
6398,0.787,0.790
6400,1.259,1.274
6403,1.735,1.756
6406,2.187,2.206
6408,2.500,2.500
6411,2.500,2.500
6414,2.500,2.500
6417,2.500,2.500
6420,2.500,2.500
6422,2.182,2.158
6425,1.725,1.697
6428,1.229,1.214
6430,0.772,0.757
6433,0.385,0.371
6467,2.500,2.500
6470,2.500,2.496
6473,2.117,2.094
6475,1.652,1.625
6478,1.162,1.147
6481,0.706,0.692
6483,0.335,0.324
6486,0.088,0.083
6490,0.002,0.001
6493,0.147,0.150
6495,0.443,0.452
6498,0.840,0.855
6501,1.325,1.337
6503,1.811,1.816
6506,2.261,2.266
6509,2.500,2.500
6512,2.500,2.500
6515,2.500,2.500
6517,2.500,2.500
6520,2.500,2.500
6523,2.118,2.100
6525,1.663,1.644
6528,1.178,1.161
6531,0.631,0.609
6534,0.275,0.264
6537,0.055,0.061
6540,0.000,0.003
6542,0.128,0.130
6545,0.407,0.408
6548,0.795,0.801
6551,1.387,1.397
6554,1.866,1.884
6557,2.318,2.322
6559,2.500,2.500
6562,2.500,2.500
6564,2.500,2.500
6567,2.500,2.500
6570,2.500,2.500
6573,2.071,2.048
6576,1.593,1.581
6578,1.106,1.090
6581,0.664,0.645
6584,0.302,0.291
6586,0.072,0.068
6589,0.000,0.000
6593,0.124,0.134
6595,0.410,0.421
6598,0.797,0.818
6601,1.279,1.297
6603,1.767,1.778
6606,2.230,2.232
6609,2.500,2.500
6611,2.500,2.500
6615,2.500,2.500
6617,2.500,2.500
6620,2.500,2.500
6622,2.151,2.138
6625,1.704,1.685
6628,1.208,1.189
6630,0.752,0.735
6634,0.288,0.279
6636,0.069,0.061
6639,0.000,0.000
6642,0.093,0.099
6645,0.374,0.387
6648,0.772,0.780
6650,1.233,1.249
6653,1.723,1.733
6656,2.282,2.287
6659,2.500,2.500
6662,2.500,2.500
6664,2.500,2.500
6667,2.500,2.500
6670,2.500,2.500
6672,2.201,2.166
6676,1.636,1.617
6678,1.144,1.124
6681,0.693,0.668
6684,0.312,0.304
6686,0.072,0.070
6689,0.000,0.000
6692,0.078,0.075
6695,0.352,0.359
6698,0.825,0.840
6701,1.308,1.316
6703,1.796,1.806
6706,2.248,2.254
6709,2.500,2.500
6711,2.500,2.500
6714,2.500,2.500
6717,2.500,2.500
6720,2.500,2.500
6723,2.128,2.112
6725,1.677,1.653
6728,1.183,1.168
6731,0.725,0.701
6733,0.353,0.344
6736,0.094,0.092
6740,0.000,0.003
6742,0.119,0.125
6745,0.398,0.405
6748,0.787,0.798
6750,1.259,1.277
6753,1.741,1.757
6756,2.198,2.187
6759,2.500,2.500
6762,2.500,2.500
6764,2.500,2.500
6767,2.500,2.500
6770,2.500,2.500
6772,2.177,2.152
6775,1.723,1.703
6778,1.225,1.211
6782,0.452,0.432
6785,0.158,0.154
6788,0.002,0.000
6791,0.031,0.032
6794,0.237,0.248
6796,0.577,0.591
6799,1.018,1.033
6802,1.613,1.630
6805,2.083,2.083
6808,2.493,2.488
6810,2.500,2.500
6813,2.500,2.500
6816,2.500,2.500
6818,2.500,2.500
6821,2.388,2.365
6824,1.853,1.831
6827,1.366,1.349
6830,0.889,0.873
6832,0.476,0.463
6835,0.175,0.165
6838,0.005,0.005
6841,0.028,0.022
6844,0.244,0.251
6847,0.672,0.685
6850,1.136,1.148
6852,1.625,1.636
6855,2.089,2.099
6858,2.496,2.494
6860,2.500,2.500
6863,2.500,2.500
6866,2.500,2.500
6869,2.500,2.500
6872,2.289,2.267
6874,1.846,1.824
6877,1.366,1.340
6880,0.884,0.868
6882,0.472,0.461
6885,0.166,0.159
6888,0.002,0.000
6891,0.042,0.050
6894,0.291,0.298
6897,0.647,0.661
6900,1.102,1.113
6902,1.581,1.600
6905,2.051,2.054
6908,2.500,2.500
6911,2.500,2.500
6914,2.500,2.500
6916,2.500,2.500
6919,2.500,2.500
6921,2.324,2.303
6924,1.884,1.858
6927,1.403,1.382
6930,0.823,0.806
6933,0.421,0.399
6935,0.139,0.120
6938,0.001,0.000
6941,0.043,0.044
6944,0.265,0.273
6947,0.619,0.633
6950,1.182,1.184
6953,1.662,1.679
6955,2.129,2.136
6958,2.500,2.500
6961,2.500,2.500
6963,2.500,2.500
6966,2.500,2.500
6969,2.500,2.500
6972,2.259,2.236
6975,1.796,1.778
6977,1.319,1.294
6980,0.837,0.821
6983,0.439,0.426
6985,0.144,0.141
6988,0.007,0.003
6992,0.076,0.075
6995,0.343,0.352
6997,0.718,0.725
7000,1.176,1.190
7003,1.669,1.685
7005,2.121,2.136
7008,2.500,2.500
7011,2.500,2.500
7014,2.500,2.500
7017,2.500,2.500
7019,2.500,2.500
7022,2.251,2.232
7025,1.802,1.782
7027,1.319,1.301
7030,0.841,0.822
7033,0.359,0.353
7036,0.094,0.085
7039,0.000,0.000
7041,0.059,0.063
7044,0.309,0.323
7047,0.674,0.675
7050,1.131,1.141
7052,1.620,1.629
7056,2.183,2.194
7058,2.500,2.500
7061,2.500,2.500
7064,2.500,2.500
7066,2.500,2.500
7069,2.500,2.500
7072,2.291,2.267
7075,1.745,1.722
7078,1.253,1.234
7080,0.780,0.769
7083,0.396,0.386
7086,0.121,0.115
7088,0.001,0.001
7091,0.057,0.062
7094,0.303,0.310
7098,0.762,0.773
7100,1.224,1.236
7103,1.720,1.731
7106,2.177,2.184
7108,2.500,2.500
7111,2.500,2.500
7114,2.500,2.500
7117,2.500,2.500
7120,2.500,2.500
7122,2.210,2.174
7125,1.750,1.725
7128,1.259,1.243
7130,0.797,0.783
7133,0.404,0.385
7136,0.122,0.121
7170,2.500,2.500
7173,2.144,2.114
7175,1.681,1.664
7178,1.189,1.165
7181,0.734,0.720
7183,0.358,0.347
7186,0.098,0.092
7190,0.003,0.001
7193,0.144,0.146
7195,0.423,0.429
7198,0.821,0.829
7201,1.304,1.312
7203,1.783,1.800
7206,2.237,2.246
7209,2.500,2.500
7212,2.500,2.500
7215,2.500,2.500
7217,2.500,2.500
7220,2.500,2.500
7223,2.147,2.119
7225,1.680,1.662
7228,1.192,1.174
7231,0.636,0.617
7234,0.279,0.265
7237,0.059,0.055
7240,0.000,0.000
7242,0.093,0.105
7245,0.380,0.393
7248,0.776,0.787
7250,1.241,1.257
7254,1.840,1.840
7256,2.295,2.299
7259,2.500,2.500
7262,2.500,2.500
7264,2.500,2.500
7267,2.500,2.500
7270,2.500,2.500
7273,2.097,2.063
7276,1.629,1.605
7278,1.139,1.119
7281,0.683,0.668
7284,0.306,0.304
7286,0.082,0.077
7289,0.000,0.000
7292,0.082,0.090
7295,0.429,0.440
7298,0.841,0.848
7301,1.302,1.336
7303,1.796,1.807
7306,2.256,2.258
7309,2.500,2.500
7311,2.500,2.500
7315,2.500,2.500
7317,2.500,2.500
7320,2.500,2.500
7323,2.133,2.110
7325,1.668,1.647
7328,1.181,1.163
7331,0.722,0.707
7333,0.343,0.336
7337,0.056,0.048
7340,0.000,0.000
7342,0.103,0.103
7345,0.361,0.372
7348,0.734,0.753
7350,1.207,1.220
7353,1.695,1.712
7356,2.254,2.256
7359,2.500,2.500
7361,2.500,2.500
7364,2.500,2.500
7367,2.500,2.500
7369,2.500,2.500
7372,2.230,2.187
7375,1.776,1.754
7378,1.176,1.149
7381,0.712,0.701
7383,0.349,0.336
7386,0.085,0.088
7389,0.000,0.000
7392,0.068,0.067
7395,0.312,0.339
7398,0.797,0.801
7401,1.271,1.286
7403,1.756,1.768
7406,2.214,2.222
7409,2.500,2.500
7411,2.500,2.500
7414,2.500,2.500
7416,2.500,2.500
7420,2.500,2.500
7422,2.169,2.149
7425,1.719,1.699
7428,1.224,1.205
7430,0.763,0.748
7433,0.380,0.359
7436,0.104,0.099
7439,0.000,0.000
7442,0.080,0.087
7445,0.359,0.364
7447,0.737,0.751
7450,1.203,1.214
7453,1.688,1.699
7455,2.147,2.151
7458,2.500,2.500
7461,2.500,2.500
7464,2.500,2.500
7467,2.500,2.500
7469,2.500,2.500
7472,2.238,2.187
7475,1.782,1.761
7477,1.294,1.278
7481,0.724,0.695
7483,0.347,0.336
7486,0.094,0.086
7489,0.000,0.000
7492,0.065,0.065
7495,0.322,0.338
7497,0.697,0.706
7500,1.151,1.169
7503,1.748,1.765
7506,2.217,2.223
7509,2.500,2.500
7511,2.500,2.500
7514,2.500,2.500
7516,2.500,2.500
7519,2.500,2.500
7522,2.176,2.151
7525,1.723,1.698
7528,1.225,1.211
7530,0.768,0.751
7533,0.380,0.369
7536,0.109,0.102
7538,0.000,0.000
7541,0.037,0.039
7545,0.331,0.338
7547,0.701,0.711
7550,1.153,1.170
7553,1.650,1.658
7555,2.113,2.118
7558,2.500,2.500
7561,2.500,2.500
7563,2.500,2.500
7566,2.500,2.500
7569,2.500,2.500
7572,2.267,2.241
7574,1.817,1.799
7577,1.340,1.317
7580,0.866,0.846
7582,0.453,0.441
7586,0.103,0.103
7588,0.001,0.000
7591,0.058,0.051
7594,0.304,0.309
7597,0.669,0.679
7600,1.123,1.139
7602,1.613,1.614
7605,2.071,2.083
7608,2.500,2.500
7611,2.500,2.500
7614,2.500,2.500
7616,2.500,2.500
7619,2.500,2.500
7622,2.304,2.278
7624,1.851,1.835
7628,1.259,1.239
7630,0.789,0.776
7633,0.402,0.381
7636,0.124,0.117
7638,0.000,0.000
7641,0.030,0.034
7644,0.237,0.251
7646,0.581,0.594
7650,1.123,1.142
7652,1.615,1.626
7655,2.089,2.091
7658,2.495,2.491
7660,2.500,2.500
7663,2.500,2.500
7666,2.500,2.500
7669,2.500,2.500
7672,2.297,2.262
7674,1.850,1.828
7677,1.354,1.344
7680,0.877,0.864
7682,0.469,0.450
7685,0.167,0.159
7688,0.012,0.012
7691,0.052,0.054
7694,0.301,0.308
7697,0.664,0.673
7700,1.117,1.133
7702,1.605,1.618
7705,2.074,2.079
7708,2.477,2.485
7711,2.500,2.500
7714,2.500,2.500
7716,2.500,2.500
7719,2.500,2.500
7722,2.306,2.274
7724,1.861,1.841
7727,1.365,1.358
7730,0.896,0.881
7733,0.402,0.392
7736,0.121,0.118
7738,0.001,0.000
7741,0.039,0.049
7744,0.283,0.299
7747,0.643,0.654
7750,1.091,1.102
7753,1.684,1.697
7756,2.152,2.157
7758,2.500,2.500
7761,2.500,2.500
7763,2.500,2.500
7766,2.500,2.500
7769,2.500,2.500
7771,2.328,2.306
7775,1.786,1.759
7777,1.297,1.280
7780,0.824,0.806
7783,0.425,0.411
7785,0.142,0.132
7788,0.006,0.004
7791,0.045,0.049
7795,0.355,0.355
7797,0.735,0.739
7800,1.188,1.204
7803,1.684,1.698
7805,2.150,2.155
7808,2.500,2.500
7811,2.500,2.500
7813,2.500,2.500
7817,2.500,2.500
7819,2.500,2.500
7822,2.231,2.220
7825,1.787,1.767
7827,1.297,1.279
7830,0.824,0.802
7833,0.424,0.415
7867,2.500,2.500
7870,2.500,2.500
7872,2.175,2.154
7875,1.716,1.688
7878,1.228,1.207
7880,0.762,0.743
7883,0.375,0.366
7886,0.104,0.097
7889,0.000,0.000
7892,0.070,0.078
7895,0.349,0.363
7897,0.734,0.747
7900,1.198,1.208
7903,1.690,1.695
7905,2.149,2.155
7909,2.500,2.500
7913,2.500,2.500
7916,2.500,2.500
7918,2.500,2.500
7921,2.404,2.375
7924,1.979,1.954
7926,1.503,1.482
7929,1.016,1.001
7932,0.501,0.485
7935,0.188,0.179
7938,0.017,0.011
7941,0.015,0.023
7944,0.214,0.225
7946,0.542,0.556
7949,0.977,0.985
7952,1.572,1.581
7955,2.050,2.050
7958,2.464,2.465
7960,2.500,2.500
7963,2.500,2.500
7966,2.500,2.500
7968,2.500,2.500
7971,2.416,2.394
7974,1.890,1.867
7977,1.403,1.384
7979,0.918,0.902
7982,0.502,0.486
7985,0.192,0.181
7988,0.022,0.013
7990,0.022,0.014
7994,0.274,0.269
7997,0.634,0.644
7999,1.070,1.091
8002,1.561,1.580
8005,2.041,2.037
8007,2.456,2.449
8010,2.500,2.500
8013,2.500,2.500
8016,2.500,2.500
8019,2.500,2.500
8021,2.329,2.318
8024,1.907,1.883
8027,1.420,1.398
8029,0.933,0.918
8032,0.507,0.493
8035,0.138,0.133
8038,0.005,0.000
8041,0.038,0.040
8044,0.260,0.270
8047,0.610,0.619
8049,1.046,1.066
8052,1.534,1.541
8055,2.003,2.011
8058,2.500,2.500
8061,2.500,2.500
8063,2.500,2.500
8066,2.500,2.500
8069,2.500,2.500
8071,2.368,2.339
8074,1.927,1.914
8077,1.344,1.311
8080,0.867,0.847
8082,0.455,0.437
8085,0.157,0.155
8088,0.010,0.009
8091,0.031,0.038
8094,0.248,0.271
8097,0.591,0.603
8100,1.141,1.153
8102,1.628,1.637
8105,2.103,2.107
8108,2.497,2.499
8111,2.500,2.500
8113,2.500,2.500
8116,2.500,2.500
8118,2.500,2.500
8122,2.278,2.262
8124,1.839,1.814
8127,1.351,1.333
8130,0.874,0.855
8132,0.468,0.448
8135,0.161,0.157
8138,0.012,0.009
8141,0.050,0.065
8144,0.317,0.324
8147,0.677,0.690
8150,1.134,1.151
8152,1.623,1.624
8155,2.091,2.099
8158,2.498,2.500
8160,2.500,2.500
8164,2.500,2.500
8166,2.500,2.500
8169,2.500,2.500
8172,2.292,2.270
8174,1.846,1.823
8177,1.362,1.334
8180,0.885,0.862
8183,0.396,0.383
8186,0.120,0.114
8188,0.000,0.000
8191,0.034,0.027
8194,0.243,0.258
8197,0.588,0.591
8199,1.034,1.040
8202,1.503,1.526
8205,2.092,2.097
8208,2.499,2.500
8210,2.500,2.500
8213,2.500,2.500
8216,2.500,2.500
8218,2.500,2.500
8221,2.382,2.350
8224,1.843,1.822
8227,1.348,1.331
8230,0.874,0.859
8232,0.469,0.450
8235,0.168,0.153
8238,0.008,0.000
8241,0.024,0.027
8244,0.231,0.239
8247,0.658,0.667
8250,1.110,1.122
8252,1.599,1.611
8255,2.066,2.070
8258,2.482,2.480
8260,2.500,2.500
8263,2.500,2.500
8266,2.500,2.500
8269,2.500,2.500
8272,2.313,2.287
8274,1.863,1.844
8277,1.388,1.366
8280,0.905,0.890
8282,0.491,0.480
8285,0.179,0.171
8288,0.001,0.001
8291,0.052,0.056
8294,0.295,0.307
8297,0.665,0.678
8300,1.106,1.120
8302,1.597,1.611
8305,2.071,2.076
8308,2.500,2.500
8311,2.500,2.500
8314,2.500,2.500
8316,2.500,2.500
8319,2.500,2.500
8322,2.303,2.288
8324,1.863,1.846
8327,1.383,1.358
8330,0.802,0.789
8333,0.408,0.396
8336,0.126,0.120
8338,0.000,0.000
8341,0.028,0.032
8344,0.229,0.245
8346,0.575,0.585
8350,1.117,1.134
8352,1.609,1.621
8355,2.077,2.084
8358,2.484,2.481
8360,2.500,2.500
8363,2.500,2.500
8366,2.500,2.500
8368,2.500,2.500
8372,2.294,2.273
8374,1.856,1.836
8377,1.366,1.348
8380,0.895,0.875
8382,0.481,0.467
8385,0.179,0.166
8388,0.016,0.013
8391,0.052,0.056
8394,0.284,0.295
8397,0.659,0.663
8400,1.106,1.112
8402,1.597,1.610
8405,2.062,2.075
8408,2.478,2.477
8410,2.500,2.500
8414,2.500,2.500
8416,2.500,2.500
8419,2.500,2.500
8422,2.310,2.283
8424,1.852,1.847
8427,1.378,1.365
8430,0.906,0.889
8433,0.409,0.398
8436,0.126,0.123
8438,0.000,0.001
8441,0.038,0.041
8444,0.274,0.279
8447,0.628,0.641
8449,1.075,1.088
8452,1.559,1.572
8455,2.145,2.138
8458,2.500,2.500
8461,2.500,2.500
8463,2.500,2.500
8466,2.500,2.500
8469,2.500,2.500
8471,2.344,2.320
8474,1.911,1.887
8477,1.312,1.292
8480,0.839,0.820
8483,0.432,0.417
8485,0.144,0.140
8488,0.008,0.007
8491,0.025,0.042
8494,0.273,0.281
8497,0.722,0.724
8500,1.176,1.194
8503,1.675,1.688
8505,2.136,2.144
8508,2.500,2.500
8511,2.500,2.500
8513,2.500,2.500
8516,2.500,2.500
8519,2.500,2.500
8522,2.248,2.234
8525,1.802,1.775
8527,1.312,1.292
8530,0.840,0.824
8533,0.437,0.425
8535,0.148,0.142
8570,2.500,2.500
8572,2.186,2.150
8575,1.731,1.708
8578,1.243,1.225
8580,0.780,0.762
8583,0.382,0.373
8586,0.119,0.113
8589,0.000,0.000
8592,0.060,0.067
8594,0.312,0.332
8597,0.686,0.697
8600,1.150,1.163
8603,1.628,1.643
8605,2.097,2.109
8608,2.500,2.500
8611,2.500,2.500
8614,2.500,2.500
8616,2.500,2.500
8619,2.500,2.500
8622,2.276,2.260
8624,1.837,1.815
8627,1.351,1.333
8630,0.765,0.750
8633,0.382,0.371
8636,0.116,0.110
8638,0.000,0.000
8641,0.037,0.039
8644,0.263,0.263
8647,0.589,0.602
8649,1.044,1.059
8653,1.641,1.651
8655,2.110,2.115
8658,2.500,2.500
8661,2.500,2.500
8663,2.500,2.500
8666,2.500,2.500
8669,2.500,2.500
8672,2.274,2.250
8674,1.829,1.811
8677,1.345,1.326
8680,0.859,0.842
8682,0.453,0.437
8685,0.150,0.148
8688,0.003,0.000
8691,0.028,0.031
8694,0.303,0.310
8697,0.668,0.681
8700,1.123,1.134
8702,1.604,1.620
8705,2.072,2.074
8708,2.484,2.472
8710,2.500,2.500
8714,2.500,2.500
8716,2.500,2.500
8719,2.500,2.500
8722,2.311,2.278
8724,1.862,1.844
8727,1.387,1.365
8730,0.899,0.886
8732,0.489,0.475
8736,0.128,0.114
8738,0.002,0.001
8741,0.055,0.059
8744,0.297,0.306
8747,0.666,0.674
8750,1.122,1.120
8752,1.598,1.619
8756,2.173,2.171
8758,2.500,2.500
8761,2.500,2.500
8764,2.500,2.500
8766,2.500,2.500
8769,2.500,2.500
8772,2.310,2.287
8774,1.857,1.842
8778,1.259,1.242
8780,0.799,0.778
8783,0.393,0.385
8786,0.126,0.118
8788,0.000,0.000
8791,0.033,0.033
8794,0.231,0.244
8797,0.672,0.682
8800,1.125,1.128
8802,1.615,1.630
8805,2.083,2.088
8808,2.491,2.487
8810,2.500,2.500
8813,2.500,2.500
8816,2.500,2.500
8819,2.500,2.500
8822,2.303,2.275
8824,1.850,1.833
8827,1.368,1.351
8830,0.890,0.873
8832,0.479,0.462
8835,0.176,0.160
8838,0.002,0.000
8841,0.034,0.052
8844,0.290,0.298
8847,0.649,0.658
8850,1.104,1.110
8852,1.595,1.605
8855,2.060,2.069
8858,2.472,2.475
8861,2.500,2.500
8864,2.500,2.500
8866,2.500,2.500
8869,2.500,2.500
8872,2.315,2.294
8874,1.867,1.848
8877,1.386,1.361
8880,0.808,0.790
8883,0.413,0.399
8886,0.132,0.127
8888,0.001,0.001
8891,0.048,0.053
8894,0.292,0.301
8897,0.658,0.669
8900,1.110,1.122
8903,1.711,1.719
8906,2.169,2.175
8908,2.500,2.500
8911,2.500,2.500
8914,2.500,2.500
8916,2.500,2.500
8919,2.500,2.500
8922,2.221,2.201
8925,1.768,1.747
8927,1.283,1.259
8930,0.813,0.800
8933,0.414,0.393
8936,0.133,0.126
8938,0.003,0.000
8941,0.039,0.046
8945,0.346,0.346
8947,0.722,0.735
8950,1.177,1.192
8953,1.673,1.684
8955,2.132,2.134
8958,2.500,2.500
8961,2.500,2.500
8964,2.500,2.500
8967,2.500,2.500
8969,2.500,2.500
8972,2.252,2.227
8975,1.801,1.772
8977,1.316,1.295
8980,0.843,0.827
8983,0.439,0.429
8986,0.104,0.089
8989,0.000,0.000
8991,0.057,0.059
8994,0.289,0.291
8997,0.661,0.673
9000,1.114,1.118
9002,1.608,1.609
9005,2.069,2.078
9008,2.500,2.500
9012,2.500,2.500
9015,2.500,2.500
9018,2.500,2.500
9020,2.475,2.454
9023,2.045,2.042
9026,1.597,1.575
9029,0.992,0.977
9032,0.558,0.544
9034,0.225,0.216
9037,0.036,0.032
9040,0.007,0.007
9043,0.190,0.187
9046,0.503,0.503
9049,0.920,0.933
9052,1.517,1.527
9055,1.998,2.000
9057,2.417,2.418
9060,2.500,2.500
9063,2.500,2.500
9065,2.500,2.500
9068,2.500,2.500
9071,2.370,2.357
9074,1.945,1.924
9076,1.464,1.443
9079,0.981,0.964
9082,0.549,0.533
9085,0.209,0.210
9087,0.035,0.028
9090,0.010,0.005
9094,0.246,0.257
9097,0.587,0.591
9099,1.031,1.035
9102,1.510,1.521
9105,1.990,1.996
9107,2.414,2.409
9110,2.500,2.500
9113,2.500,2.500
9116,2.500,2.500
9118,2.500,2.500
9121,2.381,2.354
9124,1.950,1.927
9126,1.470,1.449
9129,0.988,0.973
9132,0.552,0.539
9135,0.167,0.157
9138,0.005,0.011
9141,0.033,0.032
9144,0.243,0.248
9146,0.586,0.593
9149,1.020,1.034
9152,1.505,1.513
9155,2.073,2.090
9158,2.495,2.497
9160,2.500,2.500
9163,2.500,2.500
9166,2.500,2.500
9168,2.500,2.500
9171,2.382,2.360
9174,1.956,1.935
9177,1.364,1.346
9180,0.885,0.868
9182,0.471,0.460
9185,0.168,0.161
9188,0.012,0.012
9191,0.032,0.026
9194,0.236,0.244
9197,0.657,0.668
9200,1.125,1.126
9202,1.609,1.619
9205,2.078,2.075
9208,2.482,2.482
9210,2.500,2.500
9213,2.500,2.500
9216,2.500,2.500
9219,2.500,2.500
9222,2.299,2.269
9224,1.852,1.823
9227,1.373,1.355
9230,0.892,0.876
9232,0.469,0.464
9235,0.165,0.164
9274,1.828,1.808
9277,1.342,1.324
9280,0.858,0.841
9282,0.462,0.434
9285,0.162,0.153
9288,0.008,0.005
9291,0.027,0.036
9294,0.259,0.255
9297,0.689,0.702
9300,1.155,1.165
9303,1.642,1.651
9305,2.097,2.111
9308,2.500,2.500
9311,2.500,2.500
9313,2.500,2.500
9316,2.500,2.500
9319,2.500,2.500
9322,2.282,2.256
9324,1.837,1.819
9327,1.354,1.330
9330,0.868,0.852
9332,0.454,0.442
9335,0.164,0.156
9338,0.000,0.002
9341,0.046,0.054
9344,0.289,0.292
9347,0.654,0.662
9350,1.095,1.106
9352,1.589,1.601
9355,2.047,2.062
9358,2.500,2.500
9361,2.500,2.500
9363,2.500,2.500
9366,2.500,2.500
9369,2.500,2.500
9371,2.328,2.302
9374,1.884,1.864
9377,1.403,1.386
9380,0.817,0.802
9383,0.419,0.406
9385,0.131,0.132
9388,0.000,0.001
9391,0.029,0.036
9394,0.266,0.273
9397,0.610,0.623
9400,1.170,1.171
9403,1.659,1.667
9405,2.118,2.126
9408,2.500,2.500
9411,2.500,2.500
9413,2.500,2.500
9416,2.500,2.500
9419,2.500,2.500
9422,2.266,2.241
9425,1.810,1.791
9427,1.327,1.308
9430,0.852,0.833
9433,0.443,0.431
9435,0.147,0.144
9438,0.002,0.008
9442,0.066,0.067
9445,0.337,0.336
9447,0.706,0.724
9450,1.170,1.176
9453,1.658,1.671
9455,2.117,2.127
9458,2.500,2.500
9461,2.500,2.500
9464,2.500,2.500
9467,2.500,2.500
9469,2.500,2.500
9472,2.255,2.233
9475,1.812,1.791
9477,1.327,1.310
9480,0.841,0.834
9483,0.367,0.360
9486,0.107,0.102
9489,0.000,0.000
9491,0.039,0.046
9494,0.264,0.274
9497,0.608,0.619
9499,1.062,1.065
9502,1.546,1.559
9505,2.124,2.133
9508,2.500,2.500
9511,2.500,2.500
9513,2.500,2.500
9516,2.500,2.500
9519,2.500,2.500
9521,2.359,2.325
9525,1.817,1.791
9527,1.317,1.309
9530,0.847,0.834
9533,0.441,0.431
9535,0.149,0.142
9538,0.012,0.003
9541,0.037,0.039
9544,0.260,0.271
9547,0.698,0.711
9550,1.155,1.171
9553,1.642,1.659
9555,2.111,2.121
9558,2.500,2.500
9561,2.500,2.500
9563,2.500,2.500
9566,2.500,2.500
9569,2.500,2.500
9572,2.271,2.250
9574,1.828,1.807
9577,1.343,1.325
9580,0.858,0.847
9582,0.461,0.447
9585,0.163,0.153
9588,0.000,0.000
9591,0.036,0.044
9594,0.264,0.273
9597,0.615,0.628
9599,1.061,1.075
9602,1.542,1.558
9605,2.019,2.028
9607,2.443,2.442
9611,2.500,2.500
9613,2.500,2.500
9616,2.500,2.500
9619,2.500,2.500
9621,2.355,2.334
9624,1.924,1.903
9627,1.443,1.423
9630,0.857,0.841
9633,0.452,0.437
9635,0.152,0.147
9638,0.011,0.000
9641,0.031,0.035
9644,0.247,0.248
9646,0.585,0.595
9649,1.023,1.039
9652,1.623,1.628
9655,2.092,2.099
9658,2.498,2.499
9660,2.500,2.500
9663,2.500,2.500
9666,2.500,2.500
9668,2.500,2.500
9672,2.293,2.267
9674,1.836,1.819
9677,1.362,1.340
9680,0.883,0.867
9682,0.476,0.458
9685,0.169,0.156
9688,0.014,0.012
9691,0.027,0.030
9694,0.297,0.309
9697,0.668,0.679
9700,1.123,1.128
9702,1.612,1.623
9705,2.072,2.085
9708,2.492,2.483
9710,2.500,2.500
9714,2.500,2.500
9716,2.500,2.500
9719,2.500,2.500
9722,2.303,2.276
9724,1.855,1.836
9727,1.377,1.358
9730,0.897,0.879
9732,0.480,0.469
9736,0.127,0.120
9738,0.007,0.001
9741,0.055,0.061
9744,0.299,0.306
9747,0.664,0.679
9750,1.128,1.136
9752,1.619,1.620
9756,2.172,2.177
9758,2.500,2.500
9761,2.500,2.500
9764,2.500,2.500
9766,2.500,2.500
9769,2.500,2.500
9772,2.293,2.281
9774,1.858,1.828
9778,1.259,1.242
9780,0.795,0.776
9783,0.397,0.386
9786,0.118,0.112
9788,0.002,0.000
9791,0.043,0.052
9794,0.280,0.292
9797,0.734,0.747
9800,1.198,1.209
9803,1.691,1.697
9806,2.154,2.160
9808,2.500,2.500
9811,2.500,2.500
9813,2.500,2.500
9816,2.500,2.500
9819,2.500,2.500
9822,2.237,2.212
9825,1.785,1.755
9827,1.293,1.259
9830,0.816,0.805
9833,0.423,0.415
9835,0.139,0.133
9839,0.000,0.000
9841,0.051,0.056
9844,0.286,0.297
9847,0.651,0.664
9850,1.095,1.111
9852,1.589,1.594
9855,2.055,2.072
9858,2.471,2.468
9861,2.500,2.500
9864,2.500,2.500
9866,2.500,2.500
9869,2.500,2.500
9871,2.317,2.286
9874,1.871,1.852
9877,1.395,1.366
9880,0.809,0.790
9883,0.416,0.393
9886,0.133,0.123
9888,0.000,0.001
9891,0.040,0.045
9894,0.262,0.271
9897,0.603,0.618
9899,1.061,1.065
9903,1.655,1.667
9905,2.121,2.132
9908,2.500,2.500
9911,2.500,2.500
9913,2.500,2.500
9916,2.500,2.500
9919,2.500,2.500
9921,2.349,2.337
9925,1.813,1.793
9927,1.328,1.312
9930,0.856,0.839
9933,0.430,0.431
9935,0.153,0.139
9938,0.008,0.004
9941,0.034,0.042
9979,1.066,1.047
9981,0.616,0.604
9984,0.268,0.258
9987,0.054,0.053
9990,0.000,0.001
9993,0.130,0.136
9995,0.409,0.421
9998,0.902,0.920
